﻿<?xml version="1.0" encoding="UTF-8"?>
<DATA>
  <TransformScript>
    <OtherComments>
      <Content>Book to Thin
This script changes a Book font to Thin stroke weight. 
After running it you may need to reduce the weight of serifs, correct intersecting contours, and change the Panose classification.</Content>
    </OtherComments>
    <OutlineScale>
      <AroundType>2</AroundType>
      <AroundCorner>0</AroundCorner>
      <AroundXPos>0</AroundXPos>
      <AroundYPos>0</AroundYPos>
      <Horizontal>96.00</Horizontal>
      <Vertical>103.88</Vertical>
      <PreserveBearings>TRUE</PreserveBearings>
    </OutlineScale>
    <EffectsThin>
      <Horizontal>35</Horizontal>
      <Vertical>29</Vertical>
      <PreserveBearings>TRUE</PreserveBearings>
    </EffectsThin>
    <OutlineMove>
      <Horizontal>0</Horizontal>
      <Vertical>-29</Vertical>
    </OutlineMove>
    <OutlineOptimize>
    </OutlineOptimize>
    <MetricsLeftSideBearing>
    </MetricsLeftSideBearing>
  </TransformScript>
</DATA>
