﻿<?xml version="1.0" encoding="UTF-8"?>
<DATA>
  <TransformScript>
    <OtherComments>
      <Content>Fractions
This script creates the numerators (superscripts) and denominators (subscripts/denominators) for fractions. It scales the figures and applies a bold transformation. You may need to adjust the values to suit your font. </Content>
    </OtherComments>
    <GlyphInsertCharacters>
      <Characters>8304,185,178,179,8308-8318</Characters>
      <OverrideRange>TRUE</OverrideRange>
    </GlyphInsertCharacters>
    <GlyphCompleteComposites>
      <Mechanism>3</Mechanism>
    </GlyphCompleteComposites>
    <GlyphDecompose>
    </GlyphDecompose>
    <OutlineScale>
      <AroundType>1</AroundType>
      <AroundCorner>0</AroundCorner>
      <AroundXPos>0</AroundXPos>
      <AroundYPos>0</AroundYPos>
      <Horizontal>65.00</Horizontal>
      <Vertical>60.00</Vertical>
      <PreserveBearings>FALSE</PreserveBearings>
    </OutlineScale>
    <EffectsBold>
      <Horizontal>26</Horizontal>
      <Vertical>20</Vertical>
      <PreserveBearings>TRUE</PreserveBearings>
      <UpdateMetrics>FALSE</UpdateMetrics>
    </EffectsBold>
    <OtherComments>
      <Content>Vertical Alignment
The tops of superscripts are designed to align with the tops of figures. 
Adjust the vertical position by changing the value of the Move transformation.</Content>
    </OtherComments>
    <OutlineMove>
      <Horizontal>0</Horizontal>
      <Vertical>-20</Vertical>
    </OutlineMove>
    <OtherComments>
      <Content>Superscript Width
Remove the next line for fonts with uneven figure width. 
Calculate the uniform superscript width as follows:
Superscript width = Figure width x horizontal scale/100 + (2 x horizontal bold), e.g.
899 = 1303 x 65/100 + 52</Content>
    </OtherComments>
    <MetricsWidth>
      <WidthType>0</WidthType>
      <Width>899.00</Width>
      <Adjust>0</Adjust>
    </MetricsWidth>
    <MetricsLeftSideBearing>
    </MetricsLeftSideBearing>
    <GlyphInsertGlyphs>
      <GlyphNames>one.sups-three.sups </GlyphNames>
    </GlyphInsertGlyphs>
    <GlyphCompleteComposites>
      <Mechanism>3</Mechanism>
    </GlyphCompleteComposites>
    <GlyphInsertGlyphs>
      <GlyphNames>plus.sups minus.sups equal.sups multiply.sups divide.sups parenleft.sups parenright.sups a.sups-z.sups</GlyphNames>
    </GlyphInsertGlyphs>
    <GlyphCompleteComposites>
      <Mechanism>3</Mechanism>
    </GlyphCompleteComposites>
    <GlyphDecompose>
    </GlyphDecompose>
    <OutlineScale>
      <AroundType>2</AroundType>
      <AroundCorner>6</AroundCorner>
      <AroundXPos>0</AroundXPos>
      <AroundYPos>0</AroundYPos>
      <Horizontal>65.00</Horizontal>
      <Vertical>60.00</Vertical>
      <PreserveBearings>FALSE</PreserveBearings>
    </OutlineScale>
    <EffectsBold>
      <Horizontal>26</Horizontal>
      <Vertical>20</Vertical>
      <PreserveBearings>FALSE</PreserveBearings>
      <UpdateMetrics>FALSE</UpdateMetrics>
    </EffectsBold>
    <OtherComments>
      <Content>Edit the vertical move value to align the baseline of lowercase superscript letters with the baseline of superscript figures.</Content>
    </OtherComments>
    <OutlineMove>
      <Horizontal>0</Horizontal>
      <Vertical>577</Vertical>
    </OutlineMove>
    <GlyphInsertGlyphs>
      <GlyphNames>zero.dnom-nine.dnom a.subs-z.subs plus.subs minus.subs equal.subs multiply.subs divide.subs parenleft.subs parenright.subs</GlyphNames>
    </GlyphInsertGlyphs>
    <GlyphCompleteComposites>
      <Mechanism>3</Mechanism>
    </GlyphCompleteComposites>
  </TransformScript>
</DATA>
