﻿<?xml version="1.0" encoding="UTF-8"?>
<DATA>
  <TransformScript>
    <OtherComments>
      <Content>Medium to Book
This script changes a Medium font to Book stroke weight. 
After running it you may need to increase the weight of serifs, correct intersecting contours, and change the Panose classification. </Content>
    </OtherComments>
    <OutlineScale>
      <AroundType>2</AroundType>
      <AroundCorner>0</AroundCorner>
      <AroundXPos>0</AroundXPos>
      <AroundYPos>0</AroundYPos>
      <Horizontal>97.00</Horizontal>
      <Vertical>103.75</Vertical>
      <PreserveBearings>TRUE</PreserveBearings>
    </OutlineScale>
    <EffectsThin>
      <Horizontal>34</Horizontal>
      <Vertical>28</Vertical>
      <PreserveBearings>TRUE</PreserveBearings>
    </EffectsThin>
    <OutlineMove>
      <Horizontal>0</Horizontal>
      <Vertical>-28</Vertical>
    </OutlineMove>
    <OutlineOptimize>
    </OutlineOptimize>
    <MetricsLeftSideBearing>
    </MetricsLeftSideBearing>
  </TransformScript>
</DATA>
