﻿<?xml version="1.0" encoding="UTF-8"?>
<DATA>
  <TransformScript>
    <OtherComments>
      <Content>Miscellaneous Symbols
This script makes the width of miscellaneous symbols, geometric shapes, etc., uniform and centres them. Edit the glyph lists and adjust the widths to suit your needs. Grouping glyphs by Advance Width will help to identify glyphs with similar widths.</Content>
    </OtherComments>
    <GlyphOverrideRangeGN>
      <GlyphNames>flowerpunctuationmark watch hourglass ejectsymbol blackrightpointingdoubletriangle blackleftpointingdoubletriangle blackuppointingdoubletriangle blackdownpointingdoubletriangle blackrightpointingtrianglewithdoubleverticalbar alarmclock stopwatch timerclock hourglasswithflowingsand blacksafetyscissors blackscissors whitescissors telephonelocationsign tapedrive airplane pencil whitenib blacknib multiplicationx heavymultiplicationx outlinedgreekcross heavygreekcross opencentrecross heavyopencentrecross maltesecross starofdavid fourteardropspokedasterisk fourballoonspokedasterisk heavyfourballoonspokedasterisk fourclubspokedasterisk blackfourpointedstar whitefourpointedstar stressoutlinedwhitestar whitestarcircled opencentreblackstar blackcentrewhitestar outlinedblackstar heavyoutlinedblackstar pinwheelstar shadowedwhitestar heavyasterisk opencentreasterisk eightspokedasterisk eightpointedblackstar eightpointedpinwheelstar sixpointedblackstar eightpointedrectilinearblackstar heavyeightpointedrectilinearblackstar twelvepointedblackstar sixteenpointedasterisk teardropspokedasterisk opencentreteardropspokedasterisk heavyteardropspokedasterisk sixpetalledblackandwhiteflorette blackflorette whiteflorette eightpetalledoutlinedblackflorette opencentreeightpointedstarcircled heavyteardropspokedpinwheelasterisk snowflake tighttrifoliatesnowflake heavychevronsnowflake sparkle heavysparkle balloonspokedasterisk eightteardropspokedpropellerasterisk heavyeightteardropspokedpropellerasterisk floralheart rotatedfloralheartbullet heavyrightwardsarrow draftingpointrightwardsarrow triangleheadedrightwardsarrow heavytriangleheadedrightwardsarrow dashedtriangleheadedrightwardsarrow heavydashedtriangleheadedrightwardsarrow blackrightwardsarrow threedtoplightedrightwardsarrowhead threedbottomlightedrightwardsarrowhead blackrightwardsarrowhead heavyblackcurveddownwardsandrightwardsarrow heavyblackcurvedupwardsandrightwardsarrow heavyconcavepointedblackrightwardsarrow backtiltedshadowedwhiterightwardsarrow fronttiltedshadowedwhiterightwardsarrow heavylowerrightshadowedwhiterightwardsarrow heavyupperrightshadowedwhiterightwardsarrow notchedlowerrightshadowedwhiterightwardsarrow notchedupperrightshadowedwhiterightwardsarrow whitefeatheredrightwardsarrow blackfeatheredsoutheastarrow blackfeatherednortheastarrow heavyblackfeatheredrightwardsarrow teardropbarbedrightwardsarrow heavyteardropshankedrightwardsarrow wedgetailedrightwardsarrow heavywedgetailedrightwardsarrow openoutlinedrightwardsarrow globeeuropeafrica globeamericas globeasiaaustralia globewithmeridians newmoon waxingcrescentmoon firstquartermoonsymbol waxinggibbousmoon fullmoon waninggibbousmoon lastquartermoonsymbol waningcrescentmoon directhit clockfaceoneoclock-clockfaceeightoclock clockfacenineoclock clockfacetenoclock clockfaceelevenoclock clockfacetwelveoclock stupa pagoda</GlyphNames>
    </GlyphOverrideRangeGN>
    <MetricsWidth>
      <WidthType>0</WidthType>
      <Width>1674.00</Width>
      <Adjust>0</Adjust>
    </MetricsWidth>
    <MetricsCenterGlyph>
    </MetricsCenterGlyph>
    <MetricsLeftSideBearing>
    </MetricsLeftSideBearing>
    <GlyphOverrideRangeGN>
      <GlyphNames>copyright registered referencemark asterism eurocurrencysign newsheqelsign soundrecordingcopyright prescriptiontake servicemark trademark estimated leftwardsarrow rightwardsarrow leftrightarrow northwestarrow northeastarrow southeastarrow southwestarrow leftwardsarrowwithstroke rightwardsarrowwithstroke leftwardswavearrow rightwardswavearrow leftwardstwoheadedarrow rightwardstwoheadedarrow leftwardsarrowwithtail rightwardsarrowwithtail leftwardsarrowfrombar rightwardsarrowfrombar leftwardsarrowwithhook rightwardsarrowwithhook leftwardsarrowwithloop rightwardsarrowwithloop leftrightwavearrow downwardszigzagarrow downwardsarrowwithcornerleftwards anticlockwisetopsemicirclearrow clockwisetopsemicirclearrow northwestarrowtobarlong leftwardsarrowtobaroverrightwardsarrowtobar anticlockwiseopencirclearrow clockwiseopencirclearrow leftwardsharpoonwithbarbupwards leftwardsharpoonwithbarbdownwards rightwardsharpoonwithbarbupwards rightwardsharpoonwithbarbdownwards rightwardsarrowoverleftwardsarrow upwardsarrowleftwardsofdownwardsarrow leftwardsarrowoverrightwardsarrow leftwardspairedarrows upwardspairedarrows rightwardspairedarrows downwardspairedarrows leftwardsharpoonoverrightwardsharpoon rightwardsharpoonoverleftwardsharpoon leftwardsdoublearrowwithstroke rightwardsdoublearrowwithstroke leftwardsdoublearrow rightwardsdoublearrow northwestdoublearrow northeastdoublearrow southeastdoublearrow southwestdoublearrow leftwardstriplearrow rightwardstriplearrow leftwardssquigglearrow rightwardssquigglearrow leftwardsdashedarrow rightwardsdashedarrow leftwardsarrowtobar rightwardsarrowtobar leftwardswhitearrow upwardswhitearrow rightwardswhitearrow downwardswhitearrow upwardswhitedoublearrow upwardswhitedoublearrowonpedestal rightwardswhitearrowfromwall northwestarrowtocorner southeastarrowtocorner updownwhitearrow rightarrowwithsmallcircle downwardsarrowleftwardsofupwardsarrow threerightwardsarrows leftwardsarrowwithverticalstroke rightwardsarrowwithverticalstroke leftrightarrowwithverticalstroke leftwardsarrowwithdoubleverticalstroke rightwardsarrowwithdoubleverticalstroke leftrightarrowwithdoubleverticalstroke leftwardsopenheadedarrow rightwardsopenheadedarrow leftrightopenheadedarrow emptyset elementof notanelementof containsasmember doesnotcontainasmember rightangle angle measuredangle logicaland logicalor intersection union subsetof supersetof uptack house perspective blacksquare whitesquare whitesquarewithroundedcorners whitesquarecontainingblacksmallsquare squarewithhorizontalfill squarewithverticalfill squarewithorthogonalcrosshatchfill squarewithupperlefttolowerrightfill squarewithupperrighttolowerleftfill squarewithdiagonalcrosshatchfill blackrectangle whiterectangle blackparallelogram whiteparallelogram blackuppointingtriangle whiteuppointingtriangle blackrightpointingtriangle whiterightpointingtriangle blackrightpointingpointer whiterightpointingpointer blackdownpointingtriangle whitedownpointingtriangle blackleftpointingtriangle whiteleftpointingtriangle blackleftpointingpointer whiteleftpointingpointer blackdiamond whitediamond whitediamondcontainingblacksmalldiamond fisheye lozenge whitecircle dottedcircle circlewithverticalfill bullseye blackcircle circlewithlefthalfblack circlewithrighthalfblack circlewithlowerhalfblack circlewithupperhalfblack circlewithupperrightquadrantblack circlewithallbutupperleftquadrantblack lefthalfblackcircle righthalfblackcircle inversewhitecircle upperhalfinversewhitecircle lowerhalfinversewhitecircle upperleftquadrantcirculararc upperrightquadrantcirculararc lowerrightquadrantcirculararc lowerleftquadrantcirculararc upperhalfcircle lowerhalfcircle blacklowerrighttriangle blacklowerlefttriangle blackupperlefttriangle blackupperrighttriangle squarewithlefthalfblack squarewithrighthalfblack squarewithupperleftdiagonalhalfblack squarewithlowerrightdiagonalhalfblack whitesquarewithverticalbisectingline whiteuppointingtrianglewithdot uppointingtrianglewithlefthalfblack uppointingtrianglewithrighthalfblack whitesquarewithupperleftquadrant whitesquarewithlowerleftquadrant whitesquarewithlowerrightquadrant whitesquarewithupperrightquadrant whitecirclewithupperleftquadrant whitecirclewithlowerleftquadrant whitecirclewithlowerrightquadrant whitecirclewithupperrightquadrant upperlefttriangle upperrighttriangle lowerlefttriangle lowerrighttriangle blacksunwithrays umbrella snowman comet blackstar whitestar thunderstorm sun ascendingnode descendingnode ballotbox ballotboxwithcheck ballotboxwithx umbrellawithraindrops hotbeverage whiteshogipiece blackshogipiece shamrock reversedrotatedfloralheartbullet blackleftpointingindex blackrightpointingindex whiteleftpointingindex whiterightpointingindex skullandcrossbones cautionsign radioactivesign biohazardsign crossofjerusalem starandcrescent farsisymbol hammerandsickle peacesymbol yinyang trigramforheaven trigramforlake trigramforfire trigramforthunder trigramforwind trigramforwater trigramformountain trigramforearth wheelofdharma whitefrowningface whitesmilingface blacksmilingface whitesunwithrays firstquartermoon lastquartermoon jupiter saturn uranus neptune pluto aries taurus gemini cancer leo virgo libra scorpius sagittarius capricorn aquarius pisces whitechessking whitechessqueen whitechessrook whitechessbishop whitechessknight whitechesspawn blackchessking blackchessqueen blackchessrook blackchessbishop blackchessknight blackchesspawn blackspadesuit whiteheartsuit whitediamondsuit blackclubsuit whitespadesuit blackheartsuit blackdiamondsuit whiteclubsuit hotsprings beamedeighthnotes beamedsixteenthnotes westsyriaccross eastsyriaccross universalrecyclingsymbol recyclingsymbolfortype1plastics-recyclingsymbolfortype7plastics recyclingsymbolforgenericmaterials blackuniversalrecyclingsymbol recycledpapersymbol partiallyrecycledpapersymbol permanentpapersign wheelchairsymbol dieface1-dieface6 whitecirclewithdotright whitecirclewithtwodots blackcirclewithwhitedotright blackcirclewithtwowhitedots monogramforyang monogramforyin digramforgreateryang digramforlesseryin digramforlesseryang digramforgreateryin whiteflag blackflag hammerandpick anchor crossedswords scales alembic flower gear staffofhermes atomsymbol fleurdelis outlinedwhitestar threelinesconvergingright threelinesconvergingleft warningsign doubledfemalesign doubledmalesign interlockedfemaleandmalesign horizontalmalewithstrokesign coffin vesta soccerball baseball squaredkey rain blacksnowman turnedwhiteshogipiece turnedblackshogipiece whitediamondinsquare crossinglanes disabledcar ophiuchus pick carsliding helmetwithwhitecross circledcrossinglanes chains noentry alternateonewayleftwaytraffic blacktwowayleftwaytraffic whitetwowayleftwaytraffic blackleftlanemerge whiteleftlanemerge driveslowsign heavywhitedownpointingtriangle leftclosedentry squaredsaltire fallingdiagonalinwhitecircleinblacksquare restrictedleftentry1 restrictedleftentry2 astronomicalsymbolforuranus heavycirclewithstrokeandtwodotsabove pentagram righthandedinterlacedpentagram lefthandedinterlacedpentagram invertedpentagram blackcrossonshield shintoshrine church castle historicsite gearwithouthub gearwithhandles mapsymbolforlighthouse mountain umbrellaonground fountain flaginhole sailboat squarefourcorners skier iceskate personwithball tent japanesebanksymbol headstonegraveyardsymbol fuelpump cuponblacksquare whiteflagwithhorizontalmiddleblackstripe upperbladescissors lowerbladescissors lowerrightpencil upperrightpencil shadowedwhitecircle lowerrightdropshadowedwhitesquare upperrightdropshadowedwhitesquare lowerrightshadowedwhitesquare upperrightshadowedwhitesquare blackdiamondminuswhitex blackfeatheredrightwardsarrow curlyloopdouble Applelogo</GlyphNames>
    </GlyphOverrideRangeGN>
    <MetricsWidth>
      <WidthType>0</WidthType>
      <Width>1836.00</Width>
      <Adjust>2</Adjust>
    </MetricsWidth>
    <MetricsCenterGlyph>
    </MetricsCenterGlyph>
    <MetricsLeftSideBearing>
    </MetricsLeftSideBearing>
  </TransformScript>
</DATA>
