<?xml version="1.0" encoding="UTF-8"?>
<DATA>
 <TransformScript>
  <OtherComments>
   <Content>Outline Medium
This script creates an outline font with a 30 funit stroke weight. It attempts to preserve the original height and width of the glyphs. The scale factor may need changing to retain the glyph size in your font.</Content>
  </OtherComments>
  <OutlineScale>
   <AroundType>2</AroundType>
   <AroundCorner>0</AroundCorner>
   <AroundXPos>0</AroundXPos>
   <AroundYPos>0</AroundYPos>
   <Horizontal>97.00</Horizontal>
   <Vertical>98.00</Vertical>
   <PreserveBearings>TRUE</PreserveBearings>
  </OutlineScale>
  <EffectsHollow>
   <Horizontal>30</Horizontal>
   <Vertical>30</Vertical>
   <PreserveBearings>TRUE</PreserveBearings>
  </EffectsHollow>
  <OutlineMove>
   <Horizontal>0</Horizontal>
   <Vertical>15</Vertical>
  </OutlineMove>
  <MetricsLeftSideBearing>
  </MetricsLeftSideBearing>
 </TransformScript>
</DATA>
