﻿<?xml version="1.0" encoding="UTF-8"?>
<DATA>
  <TransformScript>
    <OtherComments>
      <Content>Thin
This script reduces the stroke weight slightly. Run it several times if you want to make your font lighter. You may need to increase the weight of serifs and change the Panose weight classification afterwards.</Content>
    </OtherComments>
    <EffectsThin>
      <Horizontal>5</Horizontal>
      <Vertical>0</Vertical>
      <PreserveBearings>TRUE</PreserveBearings>
    </EffectsThin>
    <OutlineOptimize>
    </OutlineOptimize>
    <MetricsLeftSideBearing>
    </MetricsLeftSideBearing>
  </TransformScript>
</DATA>
