﻿<?xml version="1.0" encoding="UTF-8"?>
<DATA>
  <TransformScript>
    <OtherComments>
      <Content>Thin to DemiBold
This script changes a Thin font to Demi Bold stroke weight. 
After running it you may need to reduce the weight of serifs, and correct intersecting contours. </Content>
    </OtherComments>
    <OutlineScale>
      <AroundType>2</AroundType>
      <AroundCorner>0</AroundCorner>
      <AroundXPos>0</AroundXPos>
      <AroundYPos>0</AroundYPos>
      <Horizontal>96.00</Horizontal>
      <Vertical>87.68</Vertical>
      <PreserveBearings>TRUE</PreserveBearings>
    </OutlineScale>
    <EffectsBold>
      <Horizontal>92</Horizontal>
      <Vertical>92</Vertical>
      <PreserveBearings>TRUE</PreserveBearings>
      <UpdateMetrics>TRUE</UpdateMetrics>
    </EffectsBold>
    <OutlineMove>
      <Horizontal>0</Horizontal>
      <Vertical>92</Vertical>
    </OutlineMove>
    <OutlineOptimize>
    </OutlineOptimize>
    <MetricsLeftSideBearing>
    </MetricsLeftSideBearing>
  </TransformScript>
</DATA>
