﻿<?xml version="1.0" encoding="UTF-8"?>
<DATA>
  <TransformScript>
    <OtherComments>
      <Content>Unmapped Tabular Figures
This script will insert ten unmapped glyphs for Tabular Figures (tnum) and compose them from the default figures, setting the advanced widths to the width of figure zero and centering each glyph within the advance width. </Content>
    </OtherComments>
    <GlyphInsertGlyphs>
      <GlyphNames>zero.tnum, one.tnum, two.tnum, three.tnum, four.tnum, five.tnum, six.tnum, seven.tnum, eight.tnum, nine.tnum,</GlyphNames>
    </GlyphInsertGlyphs>
    <GlyphCompleteComposites>
    </GlyphCompleteComposites>
    <MetricsCenterGlyph>
    </MetricsCenterGlyph>
    <MetricsLeftSideBearing>
    </MetricsLeftSideBearing>
  </TransformScript>
</DATA>
