﻿<?xml version="1.0" encoding="UTF-8"?>
<DATA>
  <TransformScript>
    <OtherComments>
      <Content>Unmapped Latin Petite Capitals
This script will insert unmapped Latin glyphs for Petite Capitals, and scale them to the x-height. Edit the Insert Glyphs command to add or remove glyphs. Edit the scale, bold, and move commands to adjust the size, weight, and baseline of the added glyphs. </Content>
    </OtherComments>
    <GlyphInsertGlyphs>
      <GlyphNames>i.dotaccent exclam.pcap, dollar.pcap, percent.pcap, ampersand.pcap, parenleft.pcap, parenright.pcap, question.pcap, bracketleft.pcap, bracketright.pcap, a.pcap, b.pcap, c.pcap, d.pcap, e.pcap, f.pcap, g.pcap, h.pcap, i.pcap, j.pcap, k.pcap, l.pcap, m.pcap, n.pcap, o.pcap, p.pcap, q.pcap, r.pcap, s.pcap, t.pcap, u.pcap, v.pcap, w.pcap, x.pcap, y.pcap, z.pcap, braceleft.pcap, braceright.pcap, exclamdown.pcap, sterling.pcap, yen.pcap, thorn.pcap, eng.pcap, Germandbls.pcap, questiondown.smcp</GlyphNames>
    </GlyphInsertGlyphs>
    <GlyphCompleteComposites>
      <Mechanism>3</Mechanism>
    </GlyphCompleteComposites>
    <GlyphDecompose>
    </GlyphDecompose>
    <OtherComments>
      <Content>The Bold command will increase the weight of strokes by the number of funits specified horizontally and vertically. The move command will compensate for the increase in the weight of horizontal strokes by moving the glyphs up by the same amount. </Content>
    </OtherComments>
    <OutlineScale>
      <AroundType>2</AroundType>
      <AroundCorner>0</AroundCorner>
      <AroundXPos>0</AroundXPos>
      <AroundYPos>0</AroundYPos>
      <Horizontal>76.00</Horizontal>
      <Vertical>73.40</Vertical>
      <PreserveBearings>FALSE</PreserveBearings>
    </OutlineScale>
    <EffectsBold>
      <Horizontal>18</Horizontal>
      <Vertical>12</Vertical>
      <PreserveBearings>FALSE</PreserveBearings>
      <UpdateMetrics>FALSE</UpdateMetrics>
    </EffectsBold>
    <OutlineMove>
      <Horizontal>0</Horizontal>
      <Vertical>12</Vertical>
    </OutlineMove>
    <GlyphInsertGlyphs>
      <GlyphNames>germandbls.pcap agrave.pcap aacute.pcap acircumflex.pcap atilde.pcap adieresis.pcap aring.pcap ae.pcap ccedilla.pcap egrave.pcap eacute.pcap ecircumflex.pcap edieresis.pcap igrave.pcap iacute.pcap icircumflex.pcap idieresis.pcap eth.pcap ntilde.pcap ograve.pcap oacute.pcap ocircumflex.pcap otilde.pcap odieresis.pcap oslash.pcap ugrave.pcap uacute.pcap ucircumflex.pcap udieresis.pcap yacute.pcap ydieresis.pcap amacron.pcap abreve.pcap aogonek.pcap cacute.pcap ccircumflex.pcap cdotaccent.pcap ccaron.pcap dcaron.pcap dcroat.pcap emacron.pcap ebreve.pcap edotaccent.pcap eogonek.pcap ecaron.pcap gcircumflex.pcap gbreve.pcap gdotaccent.pcap gcedilla.pcap hcircumflex.pcap hbar.pcap itilde.pcap imacron.pcap ibreve.pcap iogonek.pcap i.dotaccent.pcap ij.pcap jcircumflex.pcap kcedilla.pcap lacute.pcap lcedilla.pcap lcaron.pcap lmiddledot.pcap lslash.pcap nacute.pcap ncedilla.pcap ncaron.pcap omacron.pcap obreve.pcap odoubleacute.pcap oe.pcap racute.pcap rcedilla.pcap rcaron.pcap sacute.pcap scircumflex.pcap scedilla.pcap scaron.pcap tcedilla.pcap tcaron.pcap tbar.pcap utilde.pcap umacron.pcap ubreve.pcap uring.pcap udoubleacute.pcap uogonek.pcap wcircumflex.pcap ycircumflex.pcap zacute.pcap zdotaccent.pcap zcaron.pcap gacute.pcap aringacute.pcap aeacute.pcap oslashacute.pcap scommaaccent.pcap tcommaaccent.pcap ddotbelow.pcap hdotbelow.pcap ldotbelow.pcap ldotbelowmacron.pcap mdotaccent.pcap mdotbelow.pcap ndotaccent.pcap ndotbelow.pcap rdotbelow.pcap rdotbelowmacron.pcap sdotbelow.pcap tdotbelow.pcap wgrave.pcap wacute.pcap wdieresis.pcap ygrave.pcap ytilde.pcap</GlyphNames>
    </GlyphInsertGlyphs>
    <GlyphCompleteComposites>
      <Mechanism>3</Mechanism>
    </GlyphCompleteComposites>
  </TransformScript>
</DATA>
