﻿<?xml version="1.0" encoding="UTF-8"?>
<DATA>
  <TransformScript>
    <OtherComments>
      <Content>Ordinals
This script inserts uppercase and lowercase superscripts for ordinals. 
The scale, bold, and move actions may need adjustment to suit the typeface. </Content>
    </OtherComments>
    <GlyphInsertGlyphs>
      <GlyphNames>A.sups-Z.sups a.sups-z.sups</GlyphNames>
    </GlyphInsertGlyphs>
    <GlyphCompleteComposites>
      <Mechanism>3</Mechanism>
    </GlyphCompleteComposites>
    <GlyphDecompose>
    </GlyphDecompose>
    <OutlineScale>
      <AroundType>2</AroundType>
      <AroundCorner>0</AroundCorner>
      <AroundXPos>0</AroundXPos>
      <AroundYPos>0</AroundYPos>
      <Horizontal>70.00</Horizontal>
      <Vertical>68.00</Vertical>
      <PreserveBearings>FALSE</PreserveBearings>
    </OutlineScale>
    <EffectsBold>
      <Horizontal>25</Horizontal>
      <Vertical>8</Vertical>
      <PreserveBearings>TRUE</PreserveBearings>
      <UpdateMetrics>FALSE</UpdateMetrics>
    </EffectsBold>
    <OutlineMove>
      <Horizontal>0</Horizontal>
      <Vertical>508</Vertical>
    </OutlineMove>
    <MetricsLeftSideBearing>
    </MetricsLeftSideBearing>
    <GlyphInsertGlyphs>
      <GlyphNames> gravecomb.sups acutecomb.sups Egrave.sups Uacute.sups egrave.sups uacute.sups</GlyphNames>
    </GlyphInsertGlyphs>
    <GlyphCompleteComposites>
      <Mechanism>3</Mechanism>
    </GlyphCompleteComposites>
  </TransformScript>
</DATA>
