﻿<?xml version="1.0" encoding="UTF-8"?>
<DATA>
  <TransformScript>
    <OtherComments>
      <Content>Unmapped Latin Small Capitals
This script will insert unmapped Latin glyphs for Small Capitals, and scale them to about 80% of CapHeight. Edit the Insert Glyphs command to add or remove glyphs. Edit the scale, bold, and move commands to adjust the size, weight, and baseline of the added glyphs. </Content>
    </OtherComments>
    <GlyphInsertGlyphs>
      <GlyphNames>i.dotaccent exclam.smcp, dollar.smcp, percent.smcp, ampersand.smcp, parenleft.smcp, parenright.smcp, question.smcp, bracketleft.smcp, bracketright.smcp, a.smcp, b.smcp, c.smcp, d.smcp, e.smcp, f.smcp, g.smcp, h.smcp, i.smcp, j.smcp, k.smcp, l.smcp, m.smcp, n.smcp, o.smcp, p.smcp, q.smcp, r.smcp, s.smcp, t.smcp, u.smcp, v.smcp, w.smcp, x.smcp, y.smcp, z.smcp, braceleft.smcp, braceright.smcp, exclamdown.smcp, sterling.smcp, yen.smcp, thorn.smcp, eng.smcp, Germandbls.smcp, questiondown.smcp</GlyphNames>
    </GlyphInsertGlyphs>
    <GlyphCompleteComposites>
      <Mechanism>3</Mechanism>
    </GlyphCompleteComposites>
    <GlyphDecompose>
    </GlyphDecompose>
    <OtherComments>
      <Content>The Bold command will increase the weight of strokes by the number of funits specified horizontally and vertically. The move command will compensate for the increase in the weight of horizontal strokes by moving the glyphs up by the same amount. </Content>
    </OtherComments>
    <OutlineScale>
      <AroundType>2</AroundType>
      <AroundCorner>0</AroundCorner>
      <AroundXPos>0</AroundXPos>
      <AroundYPos>0</AroundYPos>
      <Horizontal>78.00</Horizontal>
      <Vertical>82.00</Vertical>
      <PreserveBearings>FALSE</PreserveBearings>
    </OutlineScale>
    <EffectsBold>
      <Horizontal>16</Horizontal>
      <Vertical>12</Vertical>
      <PreserveBearings>FALSE</PreserveBearings>
      <UpdateMetrics>FALSE</UpdateMetrics>
    </EffectsBold>
    <OutlineMove>
      <Horizontal>0</Horizontal>
      <Vertical>12</Vertical>
    </OutlineMove>
    <GlyphInsertGlyphs>
      <GlyphNames>germandbls.smcp agrave.smcp aacute.smcp acircumflex.smcp atilde.smcp adieresis.smcp aring.smcp ae.smcp ccedilla.smcp egrave.smcp eacute.smcp ecircumflex.smcp edieresis.smcp igrave.smcp iacute.smcp icircumflex.smcp idieresis.smcp eth.smcp ntilde.smcp ograve.smcp oacute.smcp ocircumflex.smcp otilde.smcp odieresis.smcp oslash.smcp ugrave.smcp uacute.smcp ucircumflex.smcp udieresis.smcp yacute.smcp ydieresis.smcp amacron.smcp abreve.smcp aogonek.smcp cacute.smcp ccircumflex.smcp cdotaccent.smcp ccaron.smcp dcaron.smcp dcroat.smcp emacron.smcp ebreve.smcp edotaccent.smcp eogonek.smcp ecaron.smcp gcircumflex.smcp gbreve.smcp gdotaccent.smcp gcedilla.smcp hcircumflex.smcp hbar.smcp itilde.smcp imacron.smcp ibreve.smcp iogonek.smcp i.dotaccent.smcp ij.smcp jcircumflex.smcp kcedilla.smcp lacute.smcp lcedilla.smcp lcaron.smcp lmiddledot.smcp lslash.smcp nacute.smcp ncedilla.smcp ncaron.smcp omacron.smcp obreve.smcp odoubleacute.smcp oe.smcp racute.smcp rcedilla.smcp rcaron.smcp sacute.smcp scircumflex.smcp scedilla.smcp scaron.smcp tcedilla.smcp tcaron.smcp tbar.smcp utilde.smcp umacron.smcp ubreve.smcp uring.smcp udoubleacute.smcp uogonek.smcp wcircumflex.smcp ycircumflex.smcp zacute.smcp zdotaccent.smcp zcaron.smcp gacute.smcp aringacute.smcp aeacute.smcp oslashacute.smcp scommaaccent.smcp tcommaaccent.smcp ddotbelow.smcp hdotbelow.smcp ldotbelow.smcp ldotbelowmacron.smcp mdotaccent.smcp mdotbelow.smcp ndotaccent.smcp ndotbelow.smcp rdotbelow.smcp rdotbelowmacron.smcp sdotbelow.smcp tdotbelow.smcp wgrave.smcp wacute.smcp wdieresis.smcp ygrave.smcp ytilde.smcp</GlyphNames>
    </GlyphInsertGlyphs>
    <GlyphCompleteComposites>
      <Mechanism>3</Mechanism>
    </GlyphCompleteComposites>
  </TransformScript>
</DATA>
